id_profesor;D1_LID1;D9_SO4;D2_GE1;D9_SO2;D2_GE3;D8_AP4;D6_APD1;D5_INT2;D7_TC1;D4_EE2;D8_AP1;D3_COM2;D8_AP3;D2_GE4;D9_SO1;D2_GE2;D9_SO3;D1_LID2;D3_COM1;D8_AP2;D4_EE1;D7_TC2;D5_INT1;D6_APD2;P1_EJP1;P3_ASO4;P1_EJP3;P2_AAP1;P2_AAP3;P3_ASO1;P3_ASO3;P1_EJP2;P1_EJP4;P2_AAP2;P3_ASO2;P2_AAP4;A1_CF1;A7_ASR2;A2_INT1;A6_DIS2;A3_ESF1;A5_COP2;A4_COA1;A1_CF2;A5_COP1;A4_COA2;A6_DIS1;A2_INT2;A7_ASR1;A3_ESF2;F1_COP1;F2_RES1;F4_INT2;F3_CON2;F1_COP2;F2_RES2;F4_INT1;F3_CON1;CRD1;CRSS1;CRP1;CRA1;CRR1;CRF1;CRCC1;CRD2;CRP2;CRA2;CRF2;CRCC2;CRR2;CRSS2
20010001;2;4;3;4;4;1;2;4;4;2;4;2;4;2;3;2;3;2;2;1;4;2;3;5;5;5;4;1;5;4;1;3;2;1;1;4;4;5;2;5;2;2;4;2;4;2;2;4;3;4;1;3;4;4;4;3;3;4;2;2;1;2;2;3;2;2;3;5;2;3;4;2
20010002;4;2;3;3;4;3;3;3;4;3;3;2;3;4;5;2;2;2;4;3;3;4;4;2;1;5;1;3;1;2;2;4;4;2;4;4;4;2;3;5;5;3;4;3;3;4;3;4;2;3;2;1;2;4;5;4;2;2;3;3;2;4;2;2;1;3;2;5;3;2;1;2
20010003;4;3;4;3;5;4;3;4;5;4;5;5;4;4;4;4;5;4;3;4;4;4;5;3;4;5;4;4;2;4;2;5;4;2;2;3;5;2;5;2;3;5;5;2;5;3;2;2;5;2;5;2;2;4;5;2;2;5;2;4;2;5;4;5;2;4;2;5;5;4;4;3
20010004;1;2;4;3;2;4;1;3;4;3;3;5;3;4;4;4;2;4;1;4;1;4;4;5;5;5;4;1;4;1;3;3;4;4;4;4;5;1;3;5;3;3;4;1;5;5;5;3;5;5;4;5;4;4;4;4;4;5;3;3;1;4;4;4;1;1;2;4;3;4;2;2
20010005;5;5;5;5;1;5;5;5;5;1;5;1;2;1;5;1;1;2;1;1;2;3;2;1;5;1;5;2;2;2;5;2;1;1;2;2;5;1;5;4;4;4;4;1;5;4;5;4;4;4;4;2;4;2;4;2;1;3;5;5;4;5;4;5;5;5;5;5;5;4;4;4
20010006;2;5;4;4;4;2;2;4;4;2;2;2;2;2;4;2;4;4;3;4;2;4;2;4;4;4;4;4;4;2;4;2;2;4;4;2;4;2;4;2;4;2;4;2;4;2;4;2;4;2;4;4;2;3;2;2;2;4;2;4;2;4;4;4;2;2;2;4;2;2;4;3
20010007;5;4;4;3;4;4;3;4;4;3;2;2;2;3;4;3;4;4;4;4;4;4;3;3;5;4;2;3;5;3;1;2;3;3;4;2;4;2;4;4;4;2;4;4;5;2;4;2;5;4;3;3;3;3;4;3;3;3;4;3;3;3;2;4;3;3;2;4;3;3;2;2
20010008;4;4;3;3;4;2;3;2;5;3;2;1;4;1;5;1;3;2;4;4;3;2;3;3;4;3;4;4;4;3;2;3;3;2;2;3;5;1;4;2;3;2;2;1;4;2;4;2;4;2;3;2;3;3;4;3;4;4;4;4;3;3;4;4;4;4;3;5;2;4;4;4
20010009;4;4;5;1;4;3;3;3;5;3;3;3;2;3;5;3;4;3;4;3;4;4;5;3;5;4;4;3;5;4;3;3;2;3;2;2;4;3;5;4;4;2;4;3;5;2;5;2;4;3;4;4;2;3;3;3;4;3;4;5;4;5;4;4;5;4;4;5;3;4;4;4
20010010;5;5;4;1;4;5;5;1;5;1;4;1;3;4;5;3;5;1;5;1;3;1;5;1;4;3;5;5;5;4;3;3;1;1;1;1;5;1;4;1;3;1;5;1;4;2;4;1;1;1;5;5;1;1;1;1;4;5;4;4;3;5;4;5;4;5;1;5;5;5;5;4
20010011;3;4;4;5;5;2;3;5;1;3;5;3;4;1;4;2;4;3;2;2;2;3;4;3;5;5;4;5;5;4;2;2;1;4;4;1;5;1;4;2;4;5;2;1;4;4;5;2;5;4;3;4;3;3;3;3;5;3;2;4;4;5;3;3;2;4;3;5;3;4;3;2
20010012;4;5;5;5;5;4;5;3;4;2;3;1;3;2;5;1;3;2;4;3;5;3;5;1;4;2;4;5;3;4;3;3;1;2;1;2;3;3;2;4;2;2;4;2;4;2;2;4;3;4;4;4;2;2;4;4;3;4;4;4;5;4;3;4;5;5;5;5;5;3;3;4
20010013;3;2;4;4;5;4;4;5;5;1;4;1;3;2;5;2;3;1;3;3;4;3;4;2;5;2;3;4;5;2;3;1;2;3;3;2;4;3;2;5;3;2;4;2;5;4;2;3;4;3;2;3;4;4;5;3;3;1;4;4;3;5;2;3;3;5;3;5;3;2;2;4
20010014;4;3;4;3;4;3;3;5;4;4;4;4;3;3;4;4;4;4;2;4;3;4;3;4;5;3;3;3;3;3;2;3;4;3;3;3;3;3;2;3;3;4;1;3;4;4;3;3;3;4;3;3;3;3;4;3;3;3;2;3;3;3;2;3;3;3;3;3;1;2;3;3
20010015;4;2;2;4;2;2;3;2;4;3;4;2;2;3;4;4;4;4;2;4;4;2;4;2;2;5;2;4;2;2;2;4;4;4;4;4;4;2;4;2;2;4;4;2;2;2;4;2;4;2;4;4;2;3;2;2;4;4;3;3;2;4;3;4;2;3;2;4;3;2;2;3
20010016;3;4;4;4;4;4;3;4;4;2;4;4;4;3;5;2;3;2;4;2;4;2;4;2;4;2;4;4;4;4;3;2;4;2;2;2;4;2;4;2;4;2;4;2;5;2;4;2;4;2;4;4;2;2;2;2;4;4;3;4;4;5;2;5;4;4;4;5;4;4;3;4
20010017;5;5;4;5;5;5;4;3;5;1;4;1;3;3;5;1;3;1;4;5;5;1;5;1;5;3;4;5;3;3;5;3;1;3;3;2;4;2;5;3;5;2;4;4;5;2;5;4;5;1;5;3;3;3;2;3;3;4;5;4;3;4;4;5;3;4;4;5;4;4;5;3
20010018;4;5;4;5;4;3;5;2;4;1;4;4;5;2;5;1;4;3;5;1;5;2;4;3;1;3;4;4;4;4;3;2;1;2;3;1;4;1;4;2;5;1;5;1;5;1;5;4;5;2;4;4;5;3;2;1;3;4;5;4;5;5;5;3;4;3;3;4;4;5;4;4
20020001;5;5;4;3;5;4;5;1;5;2;4;1;4;2;4;1;5;2;5;5;5;4;5;1;5;2;5;5;1;4;2;3;1;4;1;2;5;1;4;3;5;1;4;1;5;2;1;1;4;4;4;2;2;1;1;1;4;4;5;5;4;5;4;4;5;5;5;5;4;5;5;5
20020002;3;4;4;4;3;5;4;3;4;4;4;4;4;3;4;3;4;3;3;3;3;4;3;4;5;5;4;1;2;3;1;4;3;3;2;5;5;3;4;5;4;3;4;5;5;1;3;4;4;4;4;4;4;4;3;4;4;4;4;5;2;5;4;4;3;4;5;5;4;4;4;4
20020003;5;5;5;4;4;4;4;2;5;3;3;3;3;5;5;1;3;3;5;3;5;3;5;3;5;5;3;2;3;2;3;4;4;3;3;3;3;3;3;3;4;3;5;3;3;3;5;4;4;4;4;4;4;4;5;3;3;4;3;4;5;5;4;4;4;4;4;4;4;4;4;4
20020004;3;4;4;4;3;4;3;4;5;3;3;4;3;4;3;3;3;4;3;3;3;3;4;3;3;5;2;5;3;2;2;3;5;3;5;3;3;4;3;4;4;3;2;4;4;3;3;4;2;4;2;3;4;3;5;5;3;2;4;4;2;3;3;3;3;3;2;4;5;4;3;4
20020005;4;4;4;4;4;2;2;3;5;2;4;2;3;2;4;2;3;2;3;2;4;1;4;3;4;5;3;4;4;3;4;2;4;4;2;2;5;1;4;2;3;3;5;2;3;2;4;2;5;3;4;4;5;2;5;2;3;3;4;3;3;5;4;4;3;4;4;5;4;4;3;4
20020006;3;5;4;5;4;5;4;4;3;4;3;4;3;2;4;4;3;3;4;4;3;5;3;3;3;2;3;3;4;3;4;3;2;4;5;3;5;3;4;4;2;4;3;3;4;4;4;4;3;5;2;2;5;3;5;2;2;3;4;3;2;4;4;4;4;4;3;4;2;4;4;4
20020007;2;3;3;5;2;1;5;5;3;5;4;5;4;5;5;5;5;3;2;4;5;3;4;1;3;5;4;1;5;2;1;4;4;5;5;3;5;4;3;5;4;4;4;3;5;5;4;2;4;4;5;5;5;5;4;1;5;5;2;5;2;5;5;5;2;2;5;2;4;5;5;5
20020008;5;4;4;3;4;4;5;4;4;2;5;2;4;3;5;2;5;2;5;2;5;3;5;2;5;3;4;3;4;4;4;2;2;3;2;2;3;4;4;4;4;3;4;2;5;2;4;2;3;3;2;4;4;3;5;3;2;3;4;4;4;5;3;5;4;5;5;5;5;4;3;3
20020009;3;3;4;4;4;3;4;3;5;4;3;3;4;3;3;3;4;4;3;4;3;3;4;3;4;3;3;3;2;3;3;3;4;4;3;4;2;4;3;4;2;4;4;4;4;2;2;4;4;4;4;4;3;3;4;4;3;3;4;3;4;4;4;4;3;4;4;3;3;3;3;3
20030001;4;5;5;3;4;3;3;4;5;2;4;3;4;2;5;1;4;3;4;2;4;3;3;1;5;2;4;4;5;5;5;2;2;2;2;1;5;1;5;2;4;1;5;1;5;2;4;1;4;2;4;5;2;3;4;2;4;4;4;4;4;5;5;5;5;5;4;5;4;5;5;5
20030002;3;3;3;4;2;1;2;5;1;2;3;4;3;3;5;4;4;4;1;2;2;2;1;2;5;5;2;3;2;2;1;4;4;3;5;4;4;2;2;5;3;3;2;3;3;4;1;5;5;4;4;4;4;3;4;3;3;4;3;4;3;4;4;3;2;2;2;4;3;3;3;2
20030003;1;2;4;2;4;4;1;5;5;3;5;5;3;2;2;3;5;1;1;4;2;3;1;3;2;5;3;5;3;3;5;3;2;5;2;3;5;4;4;2;4;3;3;2;5;2;4;2;4;5;3;5;3;3;5;3;4;5;3;1;2;5;3;4;1;1;3;3;4;3;2;3
20030004;3;4;2;3;2;3;4;5;3;2;3;5;3;4;3;4;3;3;2;3;3;4;3;3;4;4;2;4;4;3;3;4;4;4;3;4;4;2;3;5;4;4;4;4;4;2;2;2;4;4;4;4;2;3;3;3;4;4;2;2;4;4;2;4;2;2;3;4;4;3;3;3
20030005;2;3;2;4;3;5;2;2;3;4;2;4;2;4;3;3;1;5;1;4;3;3;2;3;3;5;2;2;2;3;2;4;3;3;5;4;3;4;3;1;3;2;4;3;4;2;4;3;4;3;2;3;4;3;5;3;2;3;3;3;2;4;3;3;3;3;3;3;2;3;3;3
20030006;2;3;3;3;3;3;3;3;3;4;3;4;3;4;3;3;3;3;3;3;3;3;3;3;4;3;3;2;2;4;2;3;3;2;3;2;3;2;2;2;3;2;2;4;4;5;4;5;4;5;3;3;3;3;3;2;3;3;3;2;2;5;2;5;4;3;4;2;3;3;3;3
20030007;1;3;2;3;3;1;1;5;1;5;3;5;1;2;4;3;4;5;1;2;1;3;1;5;4;5;1;3;2;2;3;3;1;4;1;3;4;2;2;1;2;1;2;2;2;2;5;4;2;5;2;3;2;2;5;3;2;1;1;2;3;4;4;4;2;1;1;4;3;4;4;2
20030008;2;5;2;3;3;4;2;4;2;3;3;4;2;3;3;2;3;4;3;3;1;3;1;3;4;5;2;4;2;3;1;4;3;3;4;4;5;2;3;2;5;2;5;1;3;3;3;2;4;2;3;3;3;3;5;3;3;3;3;3;2;5;5;3;2;2;4;4;3;3;4;2
20030009;4;3;2;4;3;3;4;3;4;3;3;3;2;1;5;2;4;2;1;5;3;2;1;3;3;4;3;4;4;3;4;2;4;2;3;3;4;2;2;4;2;2;4;3;4;4;4;4;4;4;3;3;3;5;4;3;3;3;3;2;3;3;1;4;4;3;4;2;3;4;1;1
20030010;3;4;5;4;5;4;4;3;5;2;3;1;3;2;4;2;5;4;2;3;4;2;4;1;4;2;4;5;4;4;4;1;1;1;2;2;3;2;4;1;4;1;5;2;4;2;4;2;4;2;4;4;3;3;2;2;2;3;2;4;4;4;5;4;4;4;5;4;4;4;4;3
20030011;4;4;3;4;3;4;4;4;1;1;3;2;3;5;2;4;3;2;4;4;4;1;2;5;4;5;3;4;1;2;4;4;2;3;5;2;5;1;2;5;3;4;5;2;5;4;3;5;5;4;4;4;4;1;5;3;4;4;1;3;1;4;1;4;3;2;3;4;3;3;1;3
20030012;5;5;4;4;4;2;2;1;1;4;4;4;4;2;4;3;4;3;2;3;4;4;3;3;5;1;3;3;3;3;3;1;3;3;3;1;4;3;2;3;4;4;2;5;3;4;2;3;3;3;1;3;3;3;4;3;3;2;3;2;2;3;4;3;2;2;3;4;3;2;3;2
20030013;2;5;3;5;3;2;2;4;4;2;2;4;2;1;5;4;5;4;2;5;2;2;2;2;2;4;2;4;4;2;2;2;2;4;4;4;5;2;2;2;3;2;4;2;4;5;5;5;5;5;2;3;5;5;5;1;4;1;2;2;2;3;2;3;3;2;2;2;1;5;4;2
20040001;3;4;4;5;4;5;4;4;4;4;2;2;2;4;4;2;4;3;3;2;4;4;4;2;4;5;4;2;4;4;2;2;3;3;2;2;4;2;2;5;3;4;3;2;4;3;2;4;4;5;4;3;4;4;5;3;2;3;4;4;3;4;4;4;4;3;3;4;3;4;4;4
20040002;5;3;3;4;5;3;3;3;3;3;4;3;3;3;3;3;4;3;4;3;3;3;4;3;5;3;3;3;4;3;3;3;3;3;3;3;5;2;4;3;4;2;4;3;4;3;4;3;4;4;3;4;3;3;3;4;3;4;5;4;4;5;4;4;4;4;4;4;4;4;4;4
20040003;3;3;3;4;3;3;4;4;3;3;4;4;3;2;3;3;3;4;2;4;4;4;4;3;2;5;2;3;2;4;2;4;4;4;5;4;4;2;4;4;3;2;4;2;4;1;3;2;4;5;3;3;3;3;4;3;3;3;3;3;2;4;3;4;3;2;2;4;3;3;3;3
20040004;5;4;4;4;4;3;5;2;4;1;5;1;4;2;5;4;4;4;4;4;4;4;4;2;4;4;4;4;4;3;4;4;2;2;2;4;4;2;3;3;3;2;4;1;4;2;4;3;3;4;3;3;3;3;4;4;4;4;4;4;3;4;5;5;5;4;4;4;4;4;5;4
20040005;3;5;4;3;2;2;3;2;2;4;2;2;2;1;4;2;4;5;3;4;3;2;5;2;3;4;3;5;5;4;3;2;1;2;4;1;2;4;1;5;2;3;4;5;3;4;2;4;2;4;2;2;4;4;5;3;5;2;2;2;1;3;2;3;2;2;3;3;1;4;2;2
20040006;3;4;3;4;3;2;4;2;3;2;2;3;3;4;2;2;3;4;2;3;2;3;3;3;3;5;3;2;3;2;2;4;3;4;5;4;4;2;3;5;3;1;3;2;4;3;1;5;4;5;2;2;5;5;5;4;3;3;4;3;2;3;3;3;2;3;3;2;2;4;2;3
20040007;4;4;5;2;4;2;5;2;4;2;2;2;3;1;5;1;5;2;5;2;4;1;5;3;5;1;4;4;5;4;4;1;2;3;2;1;5;1;4;4;4;1;4;2;4;2;2;2;4;2;2;3;4;3;4;4;2;2;4;4;2;2;4;3;4;4;2;4;2;3;4;4
20040008;5;5;5;5;5;5;5;1;5;1;4;1;4;1;5;1;4;2;4;1;4;1;5;1;4;2;3;5;5;4;5;1;1;5;1;1;4;1;3;2;4;4;4;1;4;1;4;2;4;4;2;3;4;4;3;4;3;4;5;5;5;5;5;5;5;5;5;5;2;5;5;5
20040009;3;3;3;4;3;4;4;2;3;3;4;3;4;2;4;3;3;3;3;2;3;2;4;2;4;4;3;4;4;3;2;3;3;4;4;2;4;2;3;3;3;3;4;3;4;2;3;3;4;3;3;3;4;3;5;3;2;3;3;3;4;4;4;4;3;3;3;4;2;3;3;3
20040010;5;5;5;1;4;5;4;2;4;2;4;2;4;2;5;3;3;2;4;2;5;3;5;2;3;4;3;5;3;2;3;2;3;3;4;2;4;2;5;2;4;4;4;3;4;2;4;2;4;3;4;3;4;3;3;3;4;3;5;4;3;5;5;4;4;5;3;4;3;5;5;4
20050001;5;5;5;5;4;5;5;3;4;5;5;4;4;1;5;1;5;1;5;1;4;5;4;1;5;5;5;4;5;4;5;1;5;4;5;1;5;4;4;2;4;4;5;4;5;4;5;4;4;5;5;4;4;4;1;1;5;1;4;5;4;5;5;5;5;4;4;5;1;5;5;4
20050002;5;4;5;2;5;1;3;4;5;1;2;1;2;1;2;1;4;1;5;3;5;1;3;1;5;4;5;5;4;5;4;4;1;2;3;3;5;2;5;1;4;3;4;2;5;1;5;2;3;3;2;4;4;3;5;2;2;4;4;4;5;5;4;4;5;4;5;4;3;4;4;4
20050003;5;5;5;2;4;4;5;4;5;2;2;1;5;4;5;4;5;2;4;4;4;4;4;1;5;4;5;5;5;5;4;1;2;1;4;2;5;4;4;1;5;2;5;2;4;2;5;2;5;4;2;2;4;5;4;2;4;2;5;5;5;5;5;5;5;5;5;5;3;4;5;5
20050004;5;5;4;4;2;5;4;4;4;4;4;1;5;2;5;1;5;1;4;4;4;1;4;1;5;1;5;5;1;2;4;2;1;2;2;2;4;2;5;2;5;2;5;2;4;1;4;2;4;2;4;2;4;3;5;2;4;4;4;5;5;5;5;5;5;5;5;5;5;5;5;5
20060001;3;5;3;4;4;1;2;5;4;4;5;5;1;5;3;4;3;5;1;3;3;4;1;3;4;5;3;4;4;5;1;3;4;2;5;3;5;1;3;4;4;2;2;4;4;3;1;5;3;5;1;4;5;4;5;2;4;2;4;4;3;5;2;4;5;1;1;4;4;3;1;3
20060002;3;4;3;5;1;2;1;4;3;4;2;4;2;4;3;3;4;5;3;4;3;4;3;5;4;4;2;4;3;2;3;4;4;4;4;4;5;5;3;4;4;3;4;2;4;3;3;4;1;5;1;3;5;4;5;4;4;4;2;1;1;5;1;4;4;2;2;5;2;3;2;2
20060003;3;4;4;5;5;1;5;4;5;1;3;1;5;3;5;1;5;1;5;1;3;1;5;1;5;3;4;4;2;4;3;1;2;1;3;1;4;1;3;2;4;2;5;1;4;1;4;3;2;4;4;4;3;3;4;2;3;4;4;4;4;5;2;3;4;4;4;4;3;4;2;4
20060004;4;5;4;4;5;2;4;1;3;2;1;1;3;1;5;1;4;1;4;2;4;2;5;1;5;3;4;4;4;3;4;1;1;3;2;1;3;2;4;4;4;1;4;2;4;2;2;1;5;5;2;2;5;4;5;2;2;2;4;3;4;4;4;4;4;4;4;4;2;4;4;4
20060005;4;4;4;4;4;2;4;3;2;3;3;4;3;4;3;2;4;1;2;2;2;2;4;4;5;4;4;5;1;4;4;2;2;2;2;2;1;1;4;2;4;4;4;2;4;2;4;3;4;4;4;2;4;4;5;4;4;2;1;4;4;4;4;3;4;3;3;4;3;4;4;3
20060006;5;5;5;5;5;5;5;1;5;1;3;1;3;1;5;1;3;1;5;3;4;3;5;1;5;3;4;5;4;3;3;2;2;2;2;1;3;4;4;4;4;2;4;5;4;2;3;3;3;3;2;3;3;4;2;4;3;3;2;3;5;4;5;5;5;5;5;4;1;5;5;5
20060007;5;4;5;4;5;4;5;5;5;1;4;1;2;1;5;1;5;1;5;2;5;3;5;2;5;4;4;4;4;5;1;1;1;1;3;1;4;2;5;2;4;1;5;3;5;1;2;1;5;2;5;4;2;3;4;3;1;3;5;5;5;4;5;3;5;5;4;5;5;5;5;5
20070001;2;2;3;3;3;3;4;1;4;3;3;4;2;2;4;2;4;3;2;4;4;2;4;3;4;2;3;3;3;4;3;2;2;3;2;2;3;4;2;4;2;2;4;5;5;3;1;2;2;4;2;3;3;4;4;3;3;3;2;2;3;3;4;2;2;2;2;4;2;2;3;2
20070002;4;5;3;4;3;4;1;2;2;3;3;2;3;3;3;3;2;2;2;2;3;3;2;1;3;1;2;3;2;1;2;2;2;2;2;2;1;1;3;3;3;3;3;1;1;5;4;2;1;3;5;1;5;2;2;2;2;2;1;3;2;5;3;4;3;1;2;5;4;3;3;3
20070003;2;5;4;2;3;1;4;3;3;4;4;3;3;3;2;2;4;4;3;2;3;2;5;2;1;2;3;4;4;3;3;2;3;2;2;1;4;1;2;2;2;2;3;2;4;3;1;2;4;4;2;3;2;4;4;2;2;2;2;4;4;4;3;4;3;2;4;4;3;2;2;3
20070004;2;3;4;4;4;1;4;4;2;4;4;5;3;2;4;2;4;4;2;4;1;4;3;4;4;4;3;3;2;2;2;1;5;5;4;1;4;1;2;5;2;4;2;1;3;4;1;4;4;5;3;2;4;4;5;3;2;2;2;4;1;4;3;2;1;1;2;5;2;1;3;4
20070005;4;5;4;2;4;4;5;3;4;3;4;4;4;3;4;1;5;4;4;2;5;4;3;2;4;3;3;4;4;4;4;5;3;4;3;3;4;4;3;4;3;2;4;2;4;3;3;3;4;3;3;4;3;2;4;3;4;3;4;3;3;3;3;4;4;4;4;3;3;3;4;3
20070006;2;4;3;2;4;1;4;1;4;2;5;5;5;2;5;1;2;4;2;1;4;2;3;2;4;5;4;4;5;2;1;2;1;4;2;5;4;2;2;5;2;2;5;1;5;2;2;4;4;5;2;2;4;3;4;4;2;3;3;2;1;5;4;4;2;3;1;5;4;2;4;2
20070007;3;5;4;4;4;4;5;2;4;2;4;3;4;4;4;2;4;4;4;4;4;3;4;2;5;5;2;4;4;3;1;2;2;2;3;3;4;2;1;3;2;4;4;3;3;2;2;4;3;5;3;4;4;3;4;3;4;3;4;4;2;3;3;3;2;4;3;4;3;3;3;4
20070008;3;4;4;4;3;4;4;4;4;3;4;3;3;2;3;1;5;5;3;5;3;2;3;2;4;3;2;4;3;3;1;2;4;2;4;3;3;4;2;5;2;4;4;4;2;4;2;4;2;4;2;3;4;4;5;4;2;4;2;2;2;2;2;2;2;2;2;3;2;2;2;2
20070009;1;5;3;3;5;3;2;3;3;5;5;5;1;1;4;3;5;5;3;1;2;3;3;3;5;4;4;4;4;5;4;1;3;5;4;1;5;1;2;5;4;1;5;3;5;2;1;3;1;5;2;2;5;3;5;3;3;3;1;3;3;5;3;4;1;1;1;5;3;2;3;3
20070010;2;4;3;1;2;4;5;2;3;1;4;5;4;1;4;2;4;5;1;1;4;5;4;1;5;5;4;5;1;5;2;1;2;1;2;1;4;2;2;4;4;1;5;1;5;1;2;4;4;5;2;2;5;4;4;2;4;3;1;4;4;5;4;4;1;1;2;5;2;1;1;4
20080001;1;2;1;5;1;3;1;3;1;2;1;5;2;5;2;5;2;5;1;3;1;2;2;5;5;1;3;4;4;3;2;3;2;2;2;2;3;3;3;2;2;3;4;4;4;2;4;3;3;5;2;2;4;5;5;3;2;1;1;2;3;4;1;1;3;1;3;4;2;2;2;3
20080002;1;2;1;5;1;1;1;5;1;5;1;5;1;5;1;5;1;5;1;5;1;5;1;5;5;2;5;4;5;5;5;1;1;1;2;1;5;5;3;1;5;1;5;1;5;1;5;3;5;5;4;5;2;3;4;3;4;3;1;1;4;5;2;5;1;1;5;5;5;1;2;2
20080003;1;2;1;5;1;1;3;3;1;4;3;5;3;4;2;5;1;5;1;3;2;5;3;3;4;2;4;5;4;4;5;2;1;3;1;2;4;4;2;1;2;1;5;1;5;2;4;3;5;4;4;3;3;2;2;2;3;3;3;4;5;5;3;4;2;1;4;4;4;4;2;3
20090001;3;5;4;4;4;2;5;1;5;3;2;1;3;1;5;1;5;1;5;4;4;3;5;2;4;1;4;5;5;5;4;1;1;1;1;1;4;2;2;1;2;3;4;3;2;2;4;4;4;4;4;3;3;3;4;3;3;3;5;1;5;1;5;1;1;1;1;1;3;5;1;1
20090002;2;5;4;5;3;5;3;1;5;1;3;1;4;1;5;1;5;1;5;1;5;1;5;1;5;4;4;5;5;3;5;2;1;2;1;1;3;4;4;4;4;2;4;4;5;2;3;1;4;1;2;2;5;1;5;1;4;3;5;5;5;5;4;5;5;5;5;5;5;4;5;5
20100001;1;3;1;1;3;3;1;5;1;5;3;5;3;5;1;5;3;5;1;3;1;5;1;5;3;1;1;2;2;2;1;1;1;5;5;3;5;1;3;1;3;1;4;1;5;1;4;3;5;3;3;3;4;3;3;3;4;3;1;1;3;5;1;3;1;1;3;1;3;1;1;1
20100002;4;4;4;4;4;4;4;1;4;2;1;4;3;2;4;1;4;3;4;3;4;2;4;2;4;2;4;4;1;2;4;2;1;1;2;2;4;2;4;2;4;2;4;2;4;1;4;1;4;4;4;4;2;2;2;2;4;4;5;5;4;4;4;4;5;5;4;5;5;5;4;5
20100003;1;4;3;2;3;1;1;1;3;4;2;2;2;2;2;5;3;5;2;5;1;4;5;4;4;5;3;3;2;2;2;2;3;4;4;2;4;4;4;2;3;4;3;2;3;4;3;4;2;4;1;1;3;1;1;4;2;2;1;3;4;4;3;2;1;1;2;5;5;2;2;1
20100004;1;5;4;3;4;2;2;3;2;2;2;5;1;5;3;4;1;5;2;5;5;2;5;2;5;5;1;4;2;4;1;4;4;4;4;1;5;1;3;4;4;3;2;3;1;3;1;1;5;3;4;2;1;5;5;1;1;3;1;5;2;5;1;4;5;1;3;5;3;1;5;5
20100005;2;4;4;4;4;3;4;2;2;4;3;4;2;3;2;4;4;4;2;2;4;2;5;2;1;2;4;2;4;2;2;4;4;4;2;4;3;4;2;4;2;2;4;2;4;4;4;4;4;4;2;2;4;4;4;4;2;2;2;2;2;4;2;4;2;4;2;2;2;2;2;2
20100006;2;4;1;5;2;4;4;4;5;5;5;5;2;5;4;5;2;5;1;5;2;5;4;2;5;4;4;4;4;4;5;4;2;1;2;2;5;2;4;1;4;1;5;1;5;1;5;1;5;4;5;4;5;2;4;2;2;4;2;2;1;5;4;4;2;1;4;2;2;5;2;2
20100007;2;5;3;2;4;1;5;1;4;2;2;4;4;3;1;3;4;2;4;2;3;1;3;2;4;2;3;4;2;4;5;2;3;1;2;4;4;2;5;1;5;1;5;2;5;2;4;1;5;3;5;4;1;4;2;1;4;4;4;4;3;4;4;4;4;4;2;4;1;4;2;4
20100008;1;4;2;2;3;3;3;1;2;2;2;1;1;2;2;2;3;3;2;3;3;2;4;3;5;3;2;4;4;4;2;1;4;1;5;3;4;1;4;5;2;2;4;1;4;1;1;4;4;2;4;4;4;2;2;3;2;2;2;3;1;4;1;3;3;3;4;4;4;4;1;3
20100009;5;5;5;4;5;3;5;4;5;1;5;1;4;3;5;1;4;2;5;5;4;3;5;1;5;4;5;5;4;3;4;1;3;5;3;2;4;4;3;2;4;2;5;4;5;3;4;3;4;3;3;4;3;5;3;3;3;3;5;5;4;5;5;5;5;5;5;5;3;5;5;4
20110001;1;3;2;1;2;1;4;4;2;5;3;5;3;3;2;4;2;5;2;3;1;4;2;2;3;5;3;3;2;2;3;2;5;2;5;3;3;2;5;4;2;4;4;3;3;3;3;5;4;5;4;3;4;5;5;4;5;3;1;3;2;2;3;3;1;1;2;4;1;4;3;3
20110002;3;4;3;3;3;3;4;3;3;3;4;3;4;3;4;3;4;5;3;3;3;3;3;2;3;4;3;4;3;3;3;2;3;2;4;1;2;4;2;3;2;3;4;4;3;2;4;4;3;5;3;3;4;4;4;3;3;2;3;4;3;4;4;4;3;3;3;4;3;4;3;3
20110003;1;3;1;3;2;1;2;5;1;5;3;5;3;3;2;4;2;5;2;3;1;5;2;3;4;3;2;4;4;2;2;2;4;3;3;3;3;2;3;3;3;3;3;4;4;2;3;2;4;4;3;2;3;3;3;3;4;3;1;2;3;4;3;3;1;1;3;3;3;4;3;3
20110004;3;5;5;4;4;1;5;1;4;4;1;4;1;1;5;1;5;5;3;1;4;3;5;1;2;2;4;4;2;2;2;3;1;4;2;2;5;1;4;2;2;1;3;1;5;3;5;4;5;4;2;2;4;3;4;3;4;3;4;4;3;2;5;3;3;2;2;2;2;5;5;3
20110005;4;4;4;4;4;4;3;3;3;3;4;3;3;2;3;3;3;3;2;3;3;3;2;3;2;3;2;3;2;2;3;4;4;3;4;4;4;4;3;2;4;2;4;2;4;3;4;3;4;4;2;3;3;3;3;3;3;3;3;3;3;4;4;4;4;3;3;4;2;3;3;4
20110006;4;5;4;4;4;3;3;4;4;4;3;3;3;3;4;2;4;3;4;3;3;3;4;2;4;3;4;3;3;3;3;2;2;3;3;2;3;2;3;2;3;2;3;2;4;3;4;3;3;4;3;3;4;3;4;2;4;3;4;4;4;5;4;5;4;3;3;4;4;4;4;4
20110007;1;4;4;3;4;2;4;5;4;2;4;2;3;1;2;2;5;4;2;1;5;1;2;5;5;4;1;4;2;5;4;5;5;2;2;3;4;2;5;4;4;2;5;2;5;1;5;4;4;5;5;4;2;4;4;2;4;3;4;5;4;5;5;4;5;2;4;5;3;4;4;4
20110008;2;4;4;5;4;5;5;4;2;3;3;4;3;3;4;2;2;5;3;5;3;5;4;2;5;4;4;4;5;5;5;3;2;4;2;4;5;2;5;1;5;1;5;1;5;4;5;4;5;4;5;3;3;2;5;3;4;3;3;4;4;5;5;5;3;2;2;5;5;3;5;3
20110009;5;5;5;5;5;5;5;5;5;5;5;1;5;3;1;1;5;1;5;5;5;1;5;1;5;1;5;5;5;5;5;5;1;5;1;5;5;5;5;5;5;5;5;5;5;5;1;5;5;1;5;5;5;3;1;3;5;5;3;5;3;3;3;3;3;3;3;3;3;3;3;3
20110010;5;5;5;4;5;4;5;2;3;2;3;2;3;3;4;3;4;2;5;3;4;3;4;1;5;5;5;5;4;3;2;2;4;4;2;2;5;2;4;5;3;3;4;4;4;2;2;3;4;3;4;3;5;3;5;3;4;3;5;5;5;5;5;4;5;5;5;5;5;5;5;5
20120001;4;4;3;2;4;2;3;3;4;4;3;3;3;1;4;3;3;1;5;3;1;4;5;4;5;5;4;5;4;3;5;3;4;3;3;1;4;5;1;5;3;5;1;3;5;5;1;5;4;5;1;3;1;4;5;4;5;3;3;4;3;4;4;3;4;4;5;3;4;1;3;3
20120002;4;4;4;4;4;4;4;4;4;4;4;3;4;3;4;4;4;4;4;4;4;4;4;4;4;3;4;3;4;3;4;3;4;3;4;2;4;2;3;4;4;2;2;3;5;1;2;1;2;4;3;3;5;5;4;4;1;1;2;1;4;4;4;4;4;4;5;5;1;3;4;4
20120003;4;3;4;4;4;4;4;3;3;4;3;3;3;4;3;2;4;4;4;3;4;3;4;3;4;2;3;3;2;3;5;3;3;3;2;3;4;2;3;5;3;4;4;4;3;2;1;4;4;4;3;3;5;3;5;4;4;3;4;3;3;3;3;4;4;4;4;3;3;4;4;3
20120004;4;2;4;4;4;2;3;2;4;3;3;3;4;2;5;3;4;4;2;5;4;2;5;3;5;5;4;5;5;2;5;2;5;2;5;2;4;2;1;5;2;5;2;2;5;2;1;4;5;4;1;2;5;5;5;3;1;3;3;3;3;4;4;5;3;3;3;3;3;3;1;2
20120005;2;2;3;4;4;1;2;2;3;4;1;4;1;4;5;1;5;2;2;5;1;5;1;1;2;3;1;2;5;5;1;1;1;5;1;1;5;1;4;4;2;1;5;1;5;1;1;4;5;4;1;1;1;5;5;5;1;1;4;1;1;1;1;5;4;3;3;5;5;4;1;1
20120006;1;2;1;3;2;1;2;2;2;5;1;5;1;3;3;3;4;5;4;4;2;5;2;5;5;5;2;5;1;3;5;3;5;3;3;3;4;2;1;5;1;3;3;1;5;4;1;5;5;5;1;1;3;5;5;5;4;1;3;1;3;1;1;3;2;1;1;1;1;1;1;1
20120007;1;2;5;3;4;1;4;1;1;2;3;1;3;3;3;3;1;2;1;4;3;2;5;5;5;5;3;4;2;2;3;3;1;2;5;2;2;2;3;1;2;3;1;3;5;2;1;1;3;2;1;5;5;5;5;5;1;1;3;2;2;5;1;3;3;2;3;2;1;1;1;2
20120008;3;4;3;3;3;4;4;3;1;3;3;3;2;2;3;3;3;2;1;4;3;3;2;3;4;5;2;3;1;1;1;3;5;5;5;4;4;4;4;5;3;4;3;1;4;1;3;3;4;4;3;3;4;3;4;3;4;2;2;3;1;5;4;4;1;2;1;4;4;3;3;3
20120009;4;5;5;5;4;3;5;3;5;4;4;3;3;4;4;3;4;4;4;3;4;3;4;4;4;2;3;4;2;3;4;3;3;3;3;3;4;2;3;2;4;4;4;3;4;2;4;3;4;4;4;4;3;3;4;3;4;4;4;4;4;4;3;4;4;4;4;4;3;4;3;4
20130001;5;5;5;5;5;5;5;2;4;2;4;1;5;1;5;3;5;4;4;2;4;3;5;1;4;5;2;4;3;3;1;5;2;4;4;5;4;2;4;5;5;4;3;2;4;3;2;2;2;4;4;3;5;3;5;3;5;3;5;5;4;5;4;4;4;5;2;5;1;3;4;5
20130002;4;4;4;5;4;4;4;1;5;1;4;2;4;3;5;1;4;1;3;1;5;1;5;1;3;3;4;5;3;3;2;3;4;2;3;1;3;2;4;5;4;1;5;3;5;1;3;2;4;2;4;4;3;3;5;1;5;3;5;5;3;5;5;4;4;4;4;5;1;4;5;4
20130003;4;5;3;4;5;1;4;3;4;1;4;3;2;1;5;3;4;3;3;3;5;3;5;1;5;4;3;4;3;4;4;2;1;3;2;3;4;2;4;2;5;1;5;3;5;1;4;2;4;2;3;3;3;3;3;3;3;3;5;4;3;5;4;3;4;5;3;5;1;4;3;3
20130004;2;4;3;4;4;1;4;5;4;5;4;5;3;3;5;2;5;5;5;3;2;5;5;2;4;4;4;4;4;2;3;4;4;4;3;4;5;2;4;1;4;3;5;2;5;2;5;2;5;4;3;4;5;3;3;1;4;3;5;4;3;5;5;5;3;4;3;4;3;5;5;5
20130005;5;5;5;5;4;3;5;3;5;2;3;1;4;2;2;1;3;1;5;2;3;4;5;1;5;2;3;5;5;4;3;1;1;1;2;1;5;1;4;4;5;1;5;1;5;1;4;1;5;5;4;4;3;2;3;3;5;3;5;4;4;5;5;5;5;4;5;4;4;5;5;5
20130006;1;4;1;3;2;3;4;4;2;3;4;4;3;3;4;4;3;5;2;3;2;4;3;3;4;5;3;3;3;3;1;3;4;4;4;1;5;2;5;1;5;1;5;1;5;5;5;1;5;2;2;4;2;2;1;1;3;4;4;4;1;5;1;5;1;4;1;5;4;1;1;3
20130007;3;4;4;4;4;4;4;4;4;3;4;3;3;3;3;3;4;3;4;2;4;3;4;1;4;4;3;1;3;3;1;3;5;3;4;3;4;1;5;2;4;4;4;5;4;3;3;4;5;3;1;1;3;4;5;3;3;3;3;3;3;4;3;3;3;4;3;5;1;4;3;4
20130008;3;4;2;2;2;4;2;3;3;2;2;5;2;4;4;4;2;4;2;4;2;4;2;2;3;5;1;1;1;1;1;3;4;4;5;4;4;2;1;5;2;4;3;2;4;1;1;4;5;5;3;3;5;4;5;4;4;3;3;2;2;2;4;3;5;1;1;5;1;2;4;1
20130009;4;4;4;3;4;4;4;2;4;3;4;4;3;2;4;2;4;2;4;3;4;2;3;2;5;5;3;2;2;1;1;1;4;4;5;5;5;1;4;2;4;2;2;2;5;4;4;2;4;2;3;3;3;2;3;1;3;3;3;4;1;5;3;4;1;5;2;4;3;3;4;4
20130010;1;5;5;2;5;5;1;5;3;3;1;5;3;2;5;1;3;5;2;3;1;2;5;1;5;5;2;2;2;2;1;2;2;5;5;5;5;2;5;2;5;1;5;1;5;1;5;1;5;1;2;2;3;3;3;1;2;3;2;2;2;5;2;3;1;1;2;5;3;3;2;2
20140001;3;5;4;4;4;5;4;3;3;4;4;4;4;3;4;4;4;4;4;3;4;3;4;2;4;4;3;4;2;3;4;3;2;3;2;3;5;4;4;4;5;2;4;2;4;2;3;2;3;2;4;3;3;3;3;2;3;3;4;4;4;4;4;3;3;3;4;5;3;3;4;4
20140002;3;4;4;4;4;3;4;4;4;1;3;2;4;1;5;1;5;4;5;5;4;3;5;2;5;2;4;5;1;4;4;2;2;2;2;2;5;4;4;2;4;3;3;4;4;2;2;2;4;3;4;4;4;2;2;2;4;4;4;5;4;4;4;3;5;4;4;4;4;4;4;4
20140003;3;4;4;3;4;5;2;2;4;2;2;4;3;2;4;2;4;4;3;4;3;3;5;5;5;1;5;5;5;5;5;2;2;1;2;2;5;1;4;5;4;2;3;2;5;1;3;2;4;3;1;3;3;3;4;4;3;3;4;3;5;5;5;4;4;3;4;5;3;2;4;3
20140004;3;4;1;5;3;3;2;3;1;5;3;5;1;1;3;4;1;5;1;5;4;1;1;5;5;1;1;4;3;2;4;5;5;4;2;4;5;1;5;4;5;1;5;1;5;1;4;2;5;2;5;3;5;3;5;1;5;2;1;5;4;5;1;5;4;1;4;5;3;5;1;4
20140005;3;3;3;3;4;3;4;5;4;4;3;3;4;2;4;4;3;5;3;4;3;3;3;4;5;5;2;5;4;3;2;1;1;5;5;5;5;1;2;5;2;5;5;1;5;3;2;2;5;4;3;3;4;5;5;5;3;3;2;4;2;2;4;2;2;2;4;4;1;5;2;2
20140006;5;5;4;5;4;5;5;1;5;1;5;4;5;1;5;3;5;4;4;1;4;4;4;1;5;1;5;5;5;5;5;1;1;1;1;1;5;1;4;1;5;1;5;1;5;1;2;4;5;5;5;5;3;1;2;1;4;5;5;5;5;5;4;5;5;5;5;5;4;5;4;5
20150001;2;2;4;2;2;2;4;2;4;3;4;2;4;2;4;3;4;2;2;1;3;4;2;3;5;1;4;5;4;3;4;2;2;1;1;2;4;1;4;2;3;2;4;1;5;1;4;2;5;4;4;4;2;2;2;2;3;4;3;3;3;4;2;4;4;2;4;4;3;4;2;3
20150002;2;2;2;4;4;2;2;2;3;4;2;4;2;2;4;3;4;4;2;3;2;2;2;3;4;2;3;4;3;2;3;2;2;3;2;2;4;2;3;2;3;2;4;2;4;2;4;3;4;3;4;4;3;2;2;2;2;4;2;2;3;4;2;4;3;2;2;4;4;4;3;3
20150003;3;4;4;2;2;3;5;2;3;2;3;3;4;2;4;2;4;3;4;2;4;3;4;1;5;1;4;5;5;4;5;1;2;2;1;2;3;2;4;4;3;4;3;3;4;2;3;3;4;4;4;3;3;3;3;2;2;3;4;4;5;4;2;4;5;3;5;4;2;4;3;3
20150004;4;4;4;2;5;3;4;1;4;1;3;2;4;1;5;1;5;3;5;2;4;3;5;1;5;1;5;5;5;5;5;1;5;1;1;1;5;1;5;4;4;2;4;1;5;1;5;1;5;3;5;5;2;1;1;2;5;5;5;5;5;5;5;5;5;5;5;5;5;5;5;5
20150005;4;2;3;1;4;2;3;2;4;2;4;2;4;2;5;1;5;3;3;2;3;2;3;3;4;2;4;5;4;4;4;3;2;2;1;1;3;2;3;4;3;2;3;2;4;3;3;3;3;3;4;4;3;3;3;2;4;4;4;3;4;3;2;3;3;4;3;3;2;4;3;3
20150006;4;3;2;4;2;1;4;3;3;2;4;4;4;3;4;3;4;3;2;4;2;3;3;1;4;4;2;3;2;2;2;2;2;4;4;4;4;4;3;4;3;4;3;2;4;3;3;4;4;3;4;4;1;3;3;2;3;4;2;2;2;4;2;2;3;3;3;4;4;2;2;3
20150007;4;2;4;1;3;2;4;1;4;1;4;2;3;2;4;1;4;3;3;2;4;1;3;1;3;2;3;4;4;3;3;2;2;2;1;1;3;3;3;4;3;2;3;3;4;2;2;3;4;4;3;3;3;1;4;3;2;3;4;4;3;3;3;3;3;4;3;3;3;3;3;4
20150008;3;2;3;4;2;1;3;2;3;3;3;3;3;3;3;4;4;3;3;3;3;2;2;3;3;4;2;4;4;2;4;3;2;3;3;3;3;3;4;3;4;3;3;3;4;2;4;2;3;2;4;2;3;3;3;2;3;3;3;3;3;5;3;4;4;2;4;5;5;4;3;3
20150009;2;2;2;2;3;2;3;4;2;5;3;4;3;1;2;3;3;5;1;3;1;3;3;4;3;1;3;4;5;4;4;3;3;1;2;4;3;2;3;3;3;3;4;2;3;2;3;3;4;4;4;3;2;2;4;2;3;3;3;3;5;4;1;3;3;2;4;2;2;3;2;3
20150010;4;4;4;4;2;5;4;4;2;2;2;4;2;4;2;1;2;5;2;5;3;4;2;2;4;1;4;5;3;2;5;4;4;1;1;2;5;1;2;4;2;1;5;1;5;2;2;4;5;5;5;3;2;1;2;2;4;4;4;2;5;5;1;5;5;3;5;5;5;2;2;2
20150011;3;2;4;1;3;4;4;4;4;4;4;3;4;3;3;2;4;4;2;2;2;3;2;1;4;1;4;4;4;4;5;3;4;1;1;2;5;2;4;1;4;2;5;2;4;2;5;2;5;2;5;5;3;2;2;1;5;5;3;2;4;4;3;4;5;2;4;3;4;4;3;3
20150012;3;2;4;3;4;2;4;3;3;3;4;3;4;2;4;2;4;3;3;3;3;3;2;3;4;2;3;5;4;4;4;3;3;2;2;2;4;3;3;2;4;3;4;3;4;2;4;3;4;3;4;4;3;2;3;3;3;4;3;3;4;4;3;4;4;3;4;4;4;4;3;4
20160001;5;3;3;1;3;3;2;2;5;1;3;5;4;2;4;2;4;2;2;3;4;2;3;3;4;1;5;5;4;5;5;3;2;1;2;2;4;2;2;1;3;2;4;3;5;1;5;3;4;5;4;4;1;2;3;2;3;5;5;4;5;5;5;4;5;4;5;5;5;5;5;4
20160002;3;2;3;3;3;3;4;3;3;4;2;3;2;2;3;3;3;5;3;4;3;2;3;3;5;3;3;4;3;4;4;2;3;2;3;3;4;2;4;3;4;3;3;2;3;2;3;3;2;2;4;3;3;2;2;2;4;4;3;3;3;3;3;3;3;3;3;4;3;4;3;3
20160003;3;2;4;5;2;3;4;4;5;4;3;3;3;3;5;1;3;4;2;4;3;1;4;2;5;1;4;5;5;5;5;1;1;1;1;1;4;5;4;4;3;1;4;1;5;2;3;3;5;3;3;4;3;3;3;3;3;3;5;4;5;5;5;3;5;4;5;3;3;3;4;5
20160004;5;4;5;5;5;4;5;1;5;1;4;1;4;1;5;2;5;1;5;2;5;2;5;1;5;1;4;5;5;5;4;2;1;2;1;1;5;1;3;5;3;3;4;1;4;3;2;4;4;4;4;3;2;2;2;2;3;4;5;5;5;5;4;4;4;5;5;5;5;5;5;5
20160005;4;3;4;2;4;2;4;2;5;2;4;2;4;1;4;3;5;2;4;1;4;5;4;2;3;3;3;5;5;2;4;2;2;2;1;1;5;1;4;2;4;1;4;1;5;2;4;2;5;3;4;4;3;2;3;2;4;4;4;4;4;5;4;4;4;4;4;5;3;4;4;4
20160006;3;2;4;5;2;4;3;4;5;1;3;2;3;3;5;1;3;4;2;4;4;1;4;2;5;1;5;5;5;2;5;5;5;1;1;3;5;1;3;3;3;1;4;2;5;1;5;4;5;4;5;4;4;3;1;1;3;3;2;2;3;3;2;4;3;2;4;4;5;4;2;2
20160007;3;2;3;2;2;3;3;2;3;2;3;2;3;2;3;2;3;3;3;3;3;2;3;3;3;2;3;3;3;3;3;2;2;2;2;3;3;3;3;3;3;3;3;3;3;3;3;3;3;3;3;3;3;2;3;2;2;3;2;3;2;3;2;3;3;2;3;3;2;3;2;3
20160008;2;2;3;2;3;2;2;2;2;3;4;2;3;4;4;2;3;4;3;2;2;4;3;4;4;1;3;4;4;4;5;3;3;1;1;2;4;2;2;4;2;2;3;1;4;2;2;3;4;4;3;3;2;3;4;3;3;4;3;3;4;4;2;3;4;2;4;3;3;3;2;2
20160009;5;4;5;3;5;2;5;1;5;1;4;1;4;1;4;1;4;2;4;2;4;2;4;1;5;1;5;5;5;5;5;1;1;1;1;1;5;2;4;1;5;1;5;1;5;1;5;2;5;4;4;4;2;1;1;1;3;4;5;5;4;5;4;5;5;4;4;5;3;3;4;4
20160010;1;3;4;3;1;2;4;1;3;1;1;5;1;1;5;1;4;5;3;3;3;3;3;1;4;1;5;5;5;3;5;1;1;1;1;1;3;2;3;1;4;1;5;1;5;1;4;3;5;3;3;5;2;3;3;1;3;5;5;5;5;5;4;5;5;3;5;3;3;4;3;4
20170001;4;4;1;5;4;1;5;1;5;1;4;1;5;1;5;1;5;3;5;1;4;2;5;1;4;1;3;5;4;4;3;2;2;1;1;1;4;2;2;4;2;3;2;1;3;4;2;4;4;5;3;3;3;3;3;3;3;3;5;4;4;5;5;3;5;5;5;3;3;5;5;5
20170002;4;3;5;4;2;3;4;1;5;1;5;1;5;1;5;3;3;1;5;3;5;1;5;1;5;1;5;5;5;5;5;1;1;1;1;1;5;1;3;5;3;1;5;1;5;2;3;1;4;4;3;3;3;3;3;3;3;3;5;5;5;4;5;3;4;5;5;3;1;5;5;5
20170003;5;2;5;1;1;1;5;1;5;1;5;1;5;1;5;1;5;1;5;1;5;1;5;1;5;1;5;5;5;5;5;1;1;1;1;1;5;1;5;1;5;1;5;1;5;1;5;1;5;1;5;5;1;1;1;1;5;5;5;5;5;5;5;5;5;5;5;5;5;5;5;5
20170004;5;3;3;2;3;2;5;1;3;1;4;2;3;3;5;2;4;2;3;2;4;2;5;1;4;2;4;4;3;3;4;2;2;2;2;2;5;2;2;4;2;2;3;2;4;2;3;3;4;4;3;3;3;3;3;3;2;3;4;4;4;4;4;3;4;3;4;4;3;4;4;3
20170005;4;3;3;2;3;2;4;1;5;1;4;1;4;1;5;1;5;3;5;1;4;1;4;1;5;4;2;4;4;4;4;3;4;2;4;2;3;3;1;2;1;3;2;5;3;2;5;5;3;5;3;3;3;3;5;3;3;2;3;3;3;5;4;4;3;4;3;3;3;4;4;3
20170006;2;4;4;4;2;2;4;2;4;4;4;4;4;4;4;3;4;4;3;4;3;4;4;3;4;2;4;3;3;2;3;4;4;4;3;4;4;2;2;1;3;2;4;2;4;2;5;3;4;4;3;3;4;4;4;3;2;3;3;3;2;3;2;2;2;2;3;4;3;3;2;3
20170007;4;3;4;4;1;1;5;1;5;1;3;3;3;1;5;1;5;2;3;1;4;2;5;1;4;1;5;5;5;5;5;1;1;1;1;1;5;1;3;1;5;1;5;1;5;3;5;4;5;4;4;4;2;3;5;1;3;3;5;3;5;5;5;5;5;5;5;5;5;5;5;4
20180001;2;3;3;2;3;3;4;3;3;3;3;2;4;2;4;2;5;2;4;2;3;3;4;2;4;1;4;5;5;4;5;2;1;2;1;1;4;2;4;1;4;1;5;1;4;2;4;3;5;5;4;4;2;3;2;3;3;5;4;4;5;4;5;4;4;3;4;4;4;5;4;4
20180002;4;3;3;1;2;2;5;1;4;3;4;3;4;4;5;2;5;4;2;4;3;2;3;1;2;2;2;3;3;4;3;3;2;2;2;2;4;1;3;1;3;2;4;1;5;1;5;3;4;3;4;4;4;2;4;2;3;4;3;3;4;3;4;4;3;4;3;2;2;3;3;3
20180003;2;2;3;3;4;3;5;2;4;2;4;3;2;2;4;3;4;5;2;3;3;4;3;2;2;3;4;4;4;4;4;4;3;2;3;4;3;3;2;2;2;4;2;2;3;2;3;4;2;4;3;4;3;2;3;3;3;3;4;3;4;3;3;4;4;2;3;3;3;3;3;3
20180004;3;2;3;3;3;3;3;4;3;3;3;3;2;2;3;3;4;4;2;3;3;3;2;2;4;2;4;4;4;4;4;2;2;2;2;2;4;2;3;2;3;2;3;2;4;3;3;3;4;4;3;3;3;3;3;2;3;3;4;4;5;4;4;3;4;4;5;4;3;4;4;3
20180005;2;2;4;3;2;2;3;3;4;3;2;2;4;4;4;3;4;4;2;4;2;4;2;3;5;3;5;5;5;4;5;2;1;1;1;1;4;2;2;4;2;2;3;2;4;3;2;4;4;4;3;3;3;3;4;3;3;3;3;3;4;4;2;3;4;2;4;4;2;3;2;2
20180006;4;1;4;2;1;1;5;5;4;2;4;1;5;2;5;1;5;2;3;1;4;2;4;1;4;1;4;5;5;5;5;1;1;1;1;1;4;2;5;4;4;2;4;1;4;1;4;2;4;4;4;4;2;2;2;2;4;4;4;4;4;4;4;4;4;4;4;4;4;4;4;4
20180007;3;2;3;5;2;2;2;4;1;2;1;5;1;5;3;4;3;4;1;5;1;3;1;4;2;4;1;4;1;5;2;5;3;5;3;5;4;3;3;2;3;4;3;2;4;3;4;2;4;3;4;4;3;2;2;2;4;4;2;2;2;4;2;4;2;2;3;4;4;2;2;2
20180008;5;3;5;4;4;3;5;2;5;2;5;2;4;2;5;2;5;1;5;3;4;3;5;2;5;2;5;5;5;5;4;2;5;3;2;2;5;1;5;2;5;1;5;1;5;1;1;1;5;1;5;5;3;1;2;2;3;5;5;5;5;5;5;5;5;5;5;5;5;5;5;5
20180009;4;4;5;3;3;2;5;2;2;4;2;1;3;3;3;2;4;2;1;4;4;4;3;2;4;1;4;5;4;5;5;1;2;1;1;1;4;1;3;4;3;1;4;1;4;1;3;3;5;3;4;4;2;2;2;2;4;4;4;4;5;5;3;4;4;3;4;5;4;4;3;4
20180010;4;2;4;2;4;3;4;2;4;2;2;2;4;2;4;2;4;2;4;2;4;2;4;2;4;1;4;4;4;4;4;1;1;1;1;1;4;1;4;2;4;1;4;2;4;1;4;2;4;2;4;4;2;2;2;2;4;4;4;4;5;4;4;5;4;3;3;5;4;5;4;4
20180011;5;4;5;2;5;3;5;1;5;1;2;1;4;2;5;1;5;2;4;2;5;3;5;1;5;3;4;4;4;3;4;2;2;2;2;2;5;1;3;1;4;2;4;1;5;2;4;2;5;3;4;5;2;2;2;2;3;4;5;5;4;5;4;5;4;5;4;5;5;3;3;3
20190001;5;2;4;2;4;1;5;2;5;3;4;4;5;2;5;2;5;2;2;1;2;2;4;1;4;2;3;4;3;4;5;2;2;2;2;2;4;4;3;4;4;2;4;4;4;2;3;2;4;2;4;4;2;4;2;2;4;5;4;4;5;4;4;4;3;3;4;5;5;5;5;5
20190002;5;2;4;2;2;2;5;1;4;1;5;1;4;1;5;2;4;2;5;2;4;2;5;1;4;2;4;5;4;4;4;2;2;2;1;1;4;2;4;2;4;1;4;1;4;2;4;1;4;2;4;4;2;2;2;2;4;4;4;4;4;5;4;4;3;4;4;4;5;3;3;4
20190003;4;2;5;1;4;2;5;1;5;1;5;1;4;2;1;4;5;1;4;1;5;2;4;1;5;1;5;5;4;5;5;2;1;1;1;1;5;1;4;4;2;1;5;1;5;2;2;2;5;2;4;2;2;3;2;3;3;4;4;4;5;5;4;5;5;3;5;5;4;4;4;4
20190004;4;4;4;2;4;1;5;1;5;1;5;5;5;4;5;3;5;2;4;2;4;3;5;1;4;3;5;5;2;4;4;2;2;2;1;2;4;4;2;4;3;2;4;2;4;4;2;4;2;2;4;4;4;2;4;2;2;4;4;4;4;2;3;2;2;4;4;4;4;4;4;4
20190005;5;2;4;1;3;1;4;1;5;1;5;1;5;4;5;2;5;1;5;1;4;1;5;2;3;3;4;3;3;3;3;2;2;3;3;2;5;1;4;1;5;1;5;1;5;1;5;2;5;2;4;4;2;2;2;1;3;4;5;4;3;5;5;4;4;4;3;5;4;3;3;3
20190006;5;1;5;1;3;2;3;1;5;1;5;1;4;1;5;1;5;1;5;1;5;1;5;1;4;2;5;4;5;3;3;2;1;2;1;1;4;2;2;3;2;1;2;2;4;2;2;3;4;4;5;4;2;2;3;2;4;4;5;5;4;5;4;3;4;4;4;4;4;3;3;4
20190007;3;1;4;3;4;3;4;1;3;1;4;2;5;2;4;3;5;3;3;2;3;2;4;1;4;2;4;4;4;3;4;2;4;2;2;2;4;2;3;1;3;2;3;1;4;3;3;4;4;4;4;4;2;2;2;2;3;4;3;4;4;4;3;5;3;3;4;3;2;2;2;3
20190008;2;2;4;2;3;1;4;1;3;1;3;1;3;4;5;1;5;2;4;1;3;3;4;2;5;4;4;2;2;4;2;1;1;3;2;2;4;2;4;2;3;2;3;1;4;3;4;4;4;5;4;4;2;2;2;2;3;4;3;2;4;4;2;4;4;2;2;2;2;3;2;3
20190009;5;2;5;2;4;1;4;1;4;1;4;1;1;2;5;2;5;2;4;2;5;1;3;1;4;2;3;4;3;3;3;2;2;2;2;2;4;2;4;2;4;2;4;2;5;1;5;1;4;2;3;3;3;3;3;3;3;3;5;3;2;4;4;3;4;4;3;4;4;2;4;3
20190010;4;1;4;2;1;1;3;1;4;1;4;3;5;3;5;2;5;3;4;1;2;1;5;3;5;5;5;5;4;4;3;1;1;2;3;1;4;1;2;5;1;1;3;1;5;5;1;3;2;5;4;3;5;3;5;4;5;3;4;3;4;2;1;3;2;3;3;5;3;3;1;3
20190011;3;3;3;3;3;2;3;3;4;2;4;2;4;3;4;3;4;3;3;2;4;3;4;3;3;2;4;4;4;4;4;2;2;2;3;2;4;2;4;1;4;2;5;2;5;2;5;2;4;3;4;4;3;2;2;2;3;4;3;2;4;5;4;5;3;3;4;5;4;3;4;3
20190012;5;2;4;2;2;1;2;1;3;1;4;1;4;2;5;1;4;2;5;1;2;1;3;1;5;4;5;4;4;4;2;1;1;1;2;1;5;1;4;2;4;3;4;2;5;3;4;2;5;3;5;5;1;1;3;1;1;3;4;4;4;5;5;5;5;3;4;5;4;4;4;5
20200001;4;4;5;2;5;3;3;1;5;1;3;1;4;1;4;1;4;2;5;3;4;3;5;1;5;2;5;5;5;4;3;2;1;1;1;1;4;1;3;3;3;2;4;2;4;2;4;2;4;2;3;3;3;3;3;3;5;3;4;4;5;5;5;3;5;4;5;5;3;5;5;5
20200002;5;4;5;1;5;2;5;1;4;1;4;1;4;1;5;1;5;4;5;2;5;2;5;1;4;3;4;4;4;1;5;2;1;4;3;2;5;2;5;4;4;1;4;2;5;2;2;2;3;4;5;5;2;1;2;1;5;5;5;5;4;5;4;5;5;5;5;5;5;5;5;5
20200003;5;2;5;1;5;1;5;1;5;1;4;1;5;1;5;1;5;1;5;1;5;1;5;1;5;1;4;4;4;5;5;2;2;1;1;1;5;1;4;1;4;1;5;1;5;1;5;4;5;2;5;5;1;1;5;1;4;5;5;5;5;5;5;5;5;5;5;5;5;5;5;5
20200004;4;1;5;2;4;1;4;1;4;1;5;1;5;2;5;1;4;2;5;2;5;2;5;1;4;2;3;4;4;4;4;1;1;1;1;2;4;2;3;2;3;2;4;2;4;2;3;2;4;4;3;3;3;2;2;3;3;4;5;4;4;4;4;4;4;4;4;5;3;4;4;5
20200005;5;1;5;1;5;5;2;1;5;1;5;1;5;1;5;1;5;1;5;1;5;3;5;1;5;1;5;5;5;5;5;1;1;1;1;1;5;1;5;2;5;1;5;1;5;1;5;1;5;1;5;5;2;1;1;1;4;5;5;5;4;5;5;5;5;5;5;5;5;5;5;5
20200006;4;2;4;2;2;2;5;1;4;1;4;2;4;1;4;1;4;2;2;2;4;2;4;2;4;2;4;4;4;4;5;2;2;2;2;2;4;2;4;4;2;2;3;2;4;3;3;2;4;4;3;3;2;2;2;2;4;4;4;4;4;4;4;4;4;4;4;4;3;4;4;4
20200007;5;1;4;2;5;2;5;1;5;1;3;2;4;2;5;2;5;1;3;2;4;2;5;1;4;2;4;5;5;5;5;2;2;1;4;1;3;2;3;2;4;1;4;2;5;1;4;2;4;4;3;3;2;4;2;4;4;3;4;3;4;4;3;4;4;4;4;4;3;4;3;4
20200008;4;2;4;2;5;3;4;2;1;1;5;1;3;1;5;1;5;4;4;2;4;1;5;2;5;3;4;4;4;3;4;2;2;3;3;2;4;1;2;4;2;4;5;2;4;2;4;5;5;5;4;4;3;1;3;3;4;4;4;4;4;4;4;4;4;4;5;5;4;4;4;4
20200009;5;3;3;1;2;2;5;1;5;1;5;1;3;1;5;2;5;2;5;1;5;1;5;1;5;1;5;5;5;5;5;1;1;1;1;1;4;1;3;3;3;1;4;1;5;1;4;3;5;3;4;4;2;1;2;1;3;4;5;4;5;5;5;5;5;4;4;4;3;5;5;5
20200010;4;1;4;1;5;4;5;1;4;1;4;1;4;1;5;1;5;3;3;2;4;2;5;1;5;2;4;5;5;5;4;1;1;1;1;2;4;2;4;1;4;2;5;2;4;2;5;1;4;4;5;5;3;2;2;3;5;3;5;5;4;4;4;5;4;5;5;4;4;5;4;4
20200011;4;1;4;1;4;1;4;1;5;1;4;2;5;2;4;1;5;1;4;2;4;3;5;1;4;2;4;4;4;4;4;2;2;2;2;2;5;1;4;2;2;2;5;1;5;1;3;2;5;4;4;4;2;2;2;2;3;4;5;4;4;5;4;5;4;4;5;5;4;4;4;4
20200012;4;2;3;2;4;3;4;2;4;2;4;2;4;2;5;2;5;3;4;2;3;2;4;2;4;2;4;3;4;4;4;2;2;2;2;2;3;2;3;4;3;2;3;3;3;3;3;4;4;4;4;4;4;4;2;2;3;4;4;3;4;4;4;4;3;4;4;3;3;3;4;3
20210001;4;1;4;3;3;4;5;4;5;2;4;2;4;2;4;2;5;2;4;2;4;3;4;1;3;1;4;5;4;5;5;3;2;2;2;2;4;1;4;2;3;1;4;1;4;1;4;2;4;2;5;5;2;1;2;2;4;5;4;4;4;4;4;4;4;4;4;4;4;4;4;4
20210002;2;2;2;4;3;3;4;2;3;2;4;4;4;2;4;4;4;4;2;4;3;2;4;3;3;4;2;4;2;2;4;3;3;4;2;3;4;1;2;2;3;1;1;1;5;5;3;3;4;4;4;4;2;2;2;4;4;4;3;3;4;4;2;4;3;3;2;3;4;3;2;3
20210003;3;2;4;1;4;1;5;2;4;2;4;1;4;2;4;2;5;3;4;2;4;3;4;1;4;1;3;4;4;4;4;1;1;1;1;1;4;1;2;5;2;3;2;1;4;3;1;5;4;4;4;4;2;4;2;1;3;4;4;4;4;4;3;4;4;3;4;2;3;4;4;4
20210004;4;1;4;1;4;4;4;4;4;3;3;2;4;1;4;1;5;3;5;2;4;4;5;1;4;1;4;5;5;5;5;2;3;1;1;1;4;2;3;2;3;3;4;2;3;3;4;3;3;3;4;4;4;2;2;2;5;4;5;5;5;5;5;5;5;4;5;5;5;5;5;5
20210005;2;2;1;3;1;2;1;4;1;5;2;3;4;5;4;5;3;5;1;3;3;3;3;4;3;2;2;5;4;3;3;3;3;1;1;1;5;1;2;1;2;3;2;1;3;1;2;3;3;3;4;3;3;1;3;1;3;4;1;1;4;4;2;3;4;1;3;2;3;4;2;1
20210006;4;4;4;4;4;2;4;2;4;2;3;2;2;2;4;2;4;2;4;2;4;2;3;2;5;1;4;5;5;5;4;2;2;2;1;2;4;2;2;4;2;4;3;2;4;2;4;4;5;4;2;3;2;3;4;3;2;4;4;4;4;4;3;3;4;3;3;2;4;4;4;4
20210007;4;4;5;2;2;2;4;3;5;4;4;2;4;1;4;1;5;2;3;2;4;3;3;1;3;4;3;4;5;4;2;4;4;2;4;2;4;2;3;2;3;1;5;1;5;1;4;2;2;2;3;3;2;1;2;3;2;3;4;3;3;4;4;3;4;4;3;4;3;4;3;4
20210008;3;4;4;4;3;2;3;3;3;2;3;3;4;3;5;4;4;4;3;1;3;1;4;3;5;1;3;5;5;5;5;2;1;2;2;2;3;1;2;4;2;1;4;1;3;2;3;4;4;5;3;3;3;4;4;3;2;4;3;4;4;3;2;4;4;3;4;2;3;4;3;3
20210009;5;1;5;1;5;3;5;1;5;1;5;1;5;1;5;1;5;1;5;1;5;1;5;1;5;2;4;5;4;4;5;1;2;1;1;1;5;4;4;2;4;1;4;1;5;1;4;2;4;4;4;4;1;1;1;2;3;4;5;5;5;5;5;5;5;5;5;5;5;5;5;5
20210010;5;5;4;1;4;2;4;4;5;1;4;1;2;2;5;1;4;1;4;2;5;2;5;1;5;1;5;5;5;5;5;1;1;1;1;1;4;2;4;2;4;2;5;2;4;1;4;2;4;2;4;4;2;2;2;2;4;4;2;4;5;5;5;5;5;4;4;5;4;4;5;5
20210011;4;2;4;1;4;3;3;1;5;1;5;1;5;2;5;3;5;2;3;1;4;2;5;1;3;2;3;4;4;4;3;3;3;2;2;2;4;1;3;4;2;1;4;1;5;2;2;4;5;4;4;2;2;3;2;2;3;4;3;4;3;4;2;4;4;4;4;3;3;4;4;4
20210012;4;2;2;3;2;5;4;1;5;2;4;1;5;4;5;4;3;3;2;4;4;3;5;2;5;2;4;5;5;5;4;4;2;2;1;1;4;2;3;1;4;1;5;4;5;2;5;3;5;3;5;4;3;3;3;3;3;3;2;4;5;5;3;4;5;4;5;5;4;4;2;4
20220001;4;1;1;4;3;2;2;4;2;5;3;4;4;2;3;5;4;4;1;2;2;2;2;5;3;5;3;1;1;1;1;4;3;4;4;4;4;2;3;4;3;1;4;2;4;4;3;3;4;4;4;4;1;1;3;2;4;4;1;2;1;5;1;4;2;1;1;5;6;4;1;2
20220002;4;1;4;1;4;2;4;2;4;1;4;2;4;1;4;2;5;4;4;2;4;2;4;1;4;2;3;4;4;3;4;2;2;2;3;2;4;2;4;2;4;2;4;1;4;2;4;2;4;2;4;4;2;3;3;3;3;4;4;4;3;4;4;4;4;3;3;4;3;4;4;4
20220003;3;2;4;2;4;2;3;4;3;3;2;2;4;2;2;1;4;5;2;4;4;2;3;3;5;4;4;4;3;2;4;2;2;2;3;2;4;2;3;2;3;2;4;3;4;2;4;3;4;4;4;4;3;2;2;2;3;4;4;3;4;4;2;4;4;3;4;4;4;5;3;3
20220004;5;5;5;1;5;1;5;1;5;1;5;1;5;1;5;1;5;1;4;1;5;1;5;1;5;2;5;5;5;5;5;1;1;1;1;1;4;2;4;4;4;2;4;4;4;2;4;4;4;4;4;4;2;4;1;4;4;4;5;5;5;5;5;4;5;5;5;5;5;5;5;5
20220005;4;2;4;2;4;2;4;1;4;2;4;2;3;1;3;1;5;2;3;2;4;2;4;2;5;3;4;3;3;3;4;3;2;2;2;4;3;2;4;2;4;2;4;2;4;2;1;1;4;3;3;3;2;3;2;2;3;4;2;4;4;5;5;5;4;3;3;4;4;4;4;3
20220006;4;2;4;3;3;3;5;2;3;3;4;3;3;1;4;1;4;2;3;3;4;2;3;1;4;3;3;4;3;4;5;2;2;4;3;1;5;2;3;2;3;1;4;2;4;2;3;3;4;3;5;4;2;2;3;3;3;3;3;2;3;5;3;4;4;3;3;4;4;5;4;4
20220007;4;4;5;2;2;2;4;2;4;1;4;2;4;2;5;1;4;2;4;2;4;2;4;1;5;2;5;5;3;5;5;2;2;2;1;1;4;2;4;2;4;2;4;2;4;2;4;2;4;2;4;4;2;2;2;1;3;4;4;4;4;4;4;4;5;4;5;4;4;4;4;4
20220008;2;1;3;5;2;1;2;3;1;3;1;2;2;2;4;2;4;4;2;4;2;2;1;4;4;5;2;2;2;1;3;2;4;5;4;4;2;4;3;1;2;2;4;2;4;2;4;4;2;4;2;4;3;1;2;2;3;4;2;2;2;4;2;4;4;2;3;3;4;4;2;2
20220009;4;2;4;2;4;3;2;4;4;2;3;4;3;2;4;2;4;3;3;2;4;2;4;3;4;4;4;3;3;3;3;2;2;3;3;2;3;3;2;2;3;3;3;2;4;2;4;2;4;3;4;3;2;2;2;2;3;4;4;4;3;3;4;4;4;3;3;4;4;3;3;3
20220010;4;2;4;2;4;2;3;3;3;2;3;2;4;2;4;2;4;3;3;4;3;2;4;3;5;3;4;4;4;4;4;2;2;2;1;2;3;3;4;3;4;2;4;3;4;2;4;2;3;2;4;4;2;2;2;2;3;4;5;4;4;4;5;4;5;3;4;4;4;5;5;5
20220011;4;1;3;4;2;1;3;3;4;3;3;2;3;2;4;2;4;2;2;3;4;1;4;3;4;1;4;5;4;4;4;2;1;1;1;1;4;1;3;1;3;2;3;2;4;3;5;3;5;3;5;5;1;1;2;2;3;4;4;4;4;4;4;4;5;4;4;3;3;5;4;4
20220012;4;2;4;1;4;1;4;1;3;1;3;1;5;1;5;1;4;2;4;1;5;2;5;1;4;2;4;4;4;3;4;1;1;1;1;1;3;2;3;1;3;1;4;2;5;2;4;3;4;4;3;4;3;3;2;2;4;4;4;4;4;5;5;5;5;4;4;5;5;5;5;4
20220013;5;2;4;2;4;2;5;1;4;1;3;1;3;3;4;2;4;1;5;2;5;5;3;1;4;2;3;5;4;4;4;2;3;2;3;2;4;2;3;2;3;2;5;2;4;2;4;3;4;3;4;4;3;3;2;2;4;4;4;4;4;4;3;5;5;4;4;5;5;4;4;4
20230001;2;3;3;2;4;2;3;4;4;1;2;2;3;3;5;2;4;5;1;3;3;3;4;3;4;4;3;3;4;5;4;1;2;3;3;2;3;2;2;5;4;3;4;1;3;2;2;4;4;4;3;3;4;3;4;4;5;3;3;3;2;3;2;3;3;2;3;5;3;3;3;3
20230002;4;2;3;3;3;2;3;4;4;3;2;2;3;2;4;4;4;3;3;3;3;4;4;2;4;5;4;3;3;3;4;3;2;3;3;2;4;4;3;3;3;2;2;3;3;4;4;3;4;4;4;4;2;3;3;3;4;3;2;3;3;4;3;4;3;3;3;4;3;3;3;3
20230003;1;3;3;4;2;2;2;3;2;2;1;3;2;2;2;3;3;4;3;4;2;3;5;4;5;2;5;4;4;4;4;2;3;2;2;2;4;2;3;2;2;2;5;2;5;1;4;4;5;4;5;5;3;2;2;2;3;5;1;2;3;5;3;5;4;2;4;2;4;4;5;1
20230004;2;4;3;3;5;4;5;1;2;4;1;2;4;1;3;3;3;3;3;4;4;2;5;2;5;3;3;4;4;4;5;2;2;4;3;2;4;1;2;5;3;4;3;4;3;4;2;4;3;4;4;4;4;4;4;4;4;3;3;3;4;5;5;5;5;4;4;4;3;4;4;3
20230005;1;2;3;3;1;3;3;4;3;3;2;4;2;4;2;5;3;5;3;5;2;3;3;4;4;4;4;2;3;3;3;2;2;3;3;5;2;2;1;5;2;3;2;3;2;4;1;5;1;5;3;2;3;3;5;4;3;2;3;2;3;1;1;1;1;2;2;4;4;1;1;1
20230006;5;4;5;3;3;1;5;1;4;1;4;1;4;2;5;2;5;2;4;1;5;2;5;1;4;2;3;4;4;3;4;2;2;2;2;1;5;1;3;1;3;1;4;1;5;2;4;3;5;4;5;5;1;3;1;2;3;5;5;5;5;5;5;5;5;5;5;5;4;5;5;5
20230007;3;2;4;4;2;3;5;2;3;3;2;4;3;2;4;3;4;3;3;4;3;2;4;1;4;2;2;3;4;3;4;1;2;1;2;3;5;1;3;4;4;2;4;1;4;1;2;2;1;2;4;4;3;2;3;1;4;4;3;2;3;5;3;4;2;3;2;4;3;3;3;2
20230008;4;2;4;2;4;2;5;2;4;2;4;2;4;1;4;2;4;2;4;2;4;2;4;1;4;1;5;5;5;5;5;1;5;1;1;1;4;1;4;4;2;2;4;2;4;2;3;4;4;4;4;4;1;2;2;2;4;4;4;4;4;4;4;4;4;4;4;4;4;4;4;4
20230009;4;4;4;2;3;3;4;1;3;1;2;2;3;1;5;3;4;3;3;4;4;2;5;1;4;2;4;4;4;4;5;5;5;5;5;5;4;2;3;2;4;2;4;1;4;1;4;2;5;4;4;3;4;3;3;2;3;4;4;4;4;4;3;4;4;4;4;5;3;4;3;4
20230010;2;3;5;5;4;3;5;1;5;1;3;1;4;1;5;1;5;5;5;5;2;3;5;1;3;2;5;5;5;5;5;1;1;4;1;1;5;1;5;1;5;1;4;1;5;1;3;1;5;2;5;5;4;1;1;1;2;5;5;2;5;5;1;5;4;3;5;5;2;5;1;4
20230011;5;1;4;2;4;1;5;3;4;1;3;2;4;1;5;1;3;4;4;2;4;1;4;1;5;3;3;3;3;3;4;2;2;2;3;3;4;2;1;4;1;2;4;1;4;2;1;5;4;5;2;2;3;4;4;3;4;3;5;4;2;4;4;2;4;5;4;2;2;3;3;3
20240001;4;2;4;2;4;1;4;2;4;3;4;2;3;2;4;1;4;2;4;2;4;2;4;2;5;2;5;4;4;4;4;2;2;2;2;2;4;2;3;2;3;3;4;2;4;3;4;3;4;4;4;4;2;2;2;2;3;4;4;4;4;4;4;4;4;4;3;4;3;4;4;4
20240002;4;4;4;3;4;2;4;4;4;4;3;2;3;2;4;2;4;2;4;3;4;2;3;2;4;3;4;4;3;3;3;2;2;2;2;2;3;3;3;4;3;3;4;2;4;2;3;2;3;4;3;3;3;3;3;3;3;3;3;3;3;2;2;2;3;3;2;3;3;3;3;2
20240003;5;2;5;1;4;3;4;1;5;1;5;1;4;2;5;1;4;2;4;2;4;3;4;2;5;2;4;5;5;4;5;1;2;1;1;1;3;2;2;2;4;2;3;2;4;3;4;3;4;4;4;4;2;3;3;3;4;3;4;4;4;3;4;3;4;4;4;3;3;4;4;4
20240004;4;2;5;1;4;3;5;1;5;1;4;1;3;2;5;1;4;1;5;3;5;1;5;1;4;3;5;5;5;5;5;2;2;1;1;1;4;2;3;3;3;2;4;2;4;2;3;3;4;4;4;4;3;3;3;2;3;4;5;4;4;3;3;3;4;4;4;3;3;4;4;3
20240005;4;3;4;2;3;1;4;2;4;1;4;2;3;2;5;2;4;4;3;2;4;1;4;2;4;3;4;5;5;4;3;1;1;2;2;2;3;2;3;3;4;2;4;3;4;2;3;3;4;3;3;4;3;3;3;2;4;3;4;2;4;5;4;5;4;4;4;5;5;4;4;3
20240006;4;1;4;1;4;1;4;1;5;1;5;1;4;1;5;1;4;1;4;1;3;2;4;1;4;2;3;4;4;3;5;1;4;3;2;2;4;2;3;4;2;1;4;1;4;2;4;2;5;3;5;4;2;1;2;1;4;4;5;4;3;5;3;5;5;5;4;3;3;5;5;4
20240007;5;3;5;1;5;1;5;2;5;2;4;1;4;1;4;1;4;2;5;2;4;2;4;1;4;2;4;4;4;4;4;2;2;2;2;2;5;1;3;3;3;3;4;2;4;2;3;3;4;2;5;4;2;2;2;2;3;4;4;4;4;5;4;5;4;4;4;4;4;5;4;4
20240008;4;3;5;1;5;4;4;1;5;1;4;1;3;1;5;1;4;2;5;3;5;2;5;1;4;3;4;4;4;4;3;2;2;2;3;1;4;2;3;4;3;2;4;2;4;2;3;3;4;3;3;3;3;3;3;3;3;3;5;4;3;4;4;3;4;5;4;4;3;4;4;4
20240009;5;1;5;1;5;1;5;1;5;1;5;1;5;1;5;1;5;1;5;1;5;1;5;1;5;1;5;5;5;5;5;1;1;1;1;1;4;2;2;4;2;2;4;2;4;2;2;2;4;4;2;4;4;4;4;3;4;2;5;4;5;2;4;2;5;4;5;5;2;4;4;4
20240010;5;2;4;2;3;1;5;1;5;1;5;1;4;1;5;1;4;1;5;1;5;3;5;1;5;1;5;5;5;5;4;1;1;1;1;1;4;1;4;2;4;2;4;1;4;1;4;1;4;2;4;4;2;1;1;1;4;4;5;4;5;5;5;5;5;4;5;5;4;4;4;4
20240011;5;1;5;1;5;5;3;1;5;1;3;1;5;1;5;1;5;1;1;1;5;1;5;3;5;3;5;5;5;5;5;1;1;1;1;1;3;2;4;3;4;4;3;2;4;2;3;2;4;4;4;4;2;2;2;2;2;4;5;5;4;4;4;5;5;5;4;3;4;5;5;5
20240012;4;3;5;1;5;1;4;1;5;2;5;1;5;1;5;1;5;1;5;1;5;2;5;1;5;1;5;5;5;5;5;2;1;2;1;1;4;4;4;1;4;1;5;2;5;1;5;1;5;2;3;3;2;1;2;1;5;4;5;5;5;5;4;5;5;5;5;5;5;5;3;4
20250001;3;1;4;2;4;4;4;1;4;2;2;1;4;3;5;2;5;2;4;2;4;3;5;2;5;5;5;5;5;5;5;1;1;1;1;1;4;1;4;1;4;1;5;1;5;2;5;1;5;2;4;4;3;3;2;2;3;3;4;4;4;4;3;3;4;4;4;5;3;4;3;4
20250002;5;2;5;1;4;2;5;1;2;1;4;1;4;1;5;1;5;1;5;1;5;2;5;1;5;1;5;5;5;5;5;1;1;1;1;1;5;1;4;2;4;1;4;4;4;2;5;1;4;4;4;2;4;5;2;2;2;2;5;4;4;5;5;5;5;4;4;5;4;5;5;5
20250003;4;2;5;1;5;2;5;1;3;2;4;4;5;1;5;1;5;3;4;1;4;2;5;1;1;3;4;4;5;3;4;4;1;2;2;2;4;1;4;2;3;1;5;1;5;2;5;1;5;2;5;5;1;1;2;1;3;5;4;4;3;5;5;5;5;5;5;5;4;5;5;5
20250004;3;4;4;2;3;2;4;3;3;3;2;4;2;3;4;2;4;5;3;2;2;3;2;2;3;5;3;2;2;2;1;3;2;3;4;4;4;2;3;4;3;2;4;3;4;3;3;3;3;3;3;3;3;3;3;3;3;3;1;3;1;5;3;3;1;3;1;5;4;2;3;2
20250005;5;1;4;1;1;4;5;2;5;1;2;1;4;2;5;1;4;2;4;2;5;2;4;1;3;3;4;4;4;3;5;2;2;3;2;2;4;2;3;2;4;2;4;2;4;2;4;2;4;2;4;3;3;2;3;2;4;3;5;5;4;5;5;5;5;5;5;3;4;4;5;5
20250006;4;4;5;1;4;1;5;1;4;1;3;2;3;1;5;1;4;4;3;2;4;2;5;1;4;2;3;4;5;4;4;2;1;2;2;2;4;2;2;2;2;2;4;1;4;2;2;4;4;4;3;3;3;3;4;3;3;3;5;5;4;4;4;4;4;4;4;4;3;5;5;5
20250007;3;3;5;2;3;3;1;5;3;3;3;3;3;3;3;3;1;4;3;3;3;3;3;3;1;3;3;3;3;3;3;3;3;3;3;3;3;3;3;3;4;1;4;1;4;2;3;2;4;3;4;4;2;2;3;2;3;3;3;3;3;3;3;3;3;3;3;3;3;3;3;3
20250008;5;2;5;1;3;1;5;3;5;1;4;2;3;1;5;1;5;2;4;1;3;3;3;1;5;2;4;4;4;4;3;3;4;1;1;1;3;2;3;5;2;3;4;2;3;1;2;3;4;4;4;3;2;3;2;2;3;3;4;4;4;3;4;3;4;5;4;4;4;2;4;4
20250009;2;4;5;3;5;3;3;4;3;4;3;5;3;3;4;1;3;5;1;3;1;2;4;4;5;5;1;2;2;3;1;4;2;5;5;4;4;2;4;2;4;3;4;2;4;5;5;4;5;4;3;4;2;4;5;4;5;2;4;4;1;5;4;3;4;2;1;5;3;4;4;3
20250010;5;2;4;2;4;2;5;2;4;2;4;2;5;1;5;2;5;2;5;2;4;4;4;1;4;2;4;4;5;4;4;2;2;1;1;2;4;2;4;2;5;1;5;2;5;1;4;2;5;4;4;4;1;1;1;1;1;3;4;5;5;4;4;5;4;4;4;2;1;4;2;4
20260001;4;4;4;1;4;3;4;1;4;1;3;1;3;2;5;1;4;2;4;3;4;3;5;2;5;3;4;4;4;4;3;2;1;1;2;2;4;2;2;1;3;2;4;4;4;2;4;2;4;5;4;4;2;2;2;1;4;4;4;4;4;4;4;4;4;4;3;4;3;5;4;4
20260002;5;3;4;5;3;2;3;1;4;1;3;1;3;2;5;1;3;2;4;3;4;3;5;2;4;3;3;4;4;3;4;2;2;2;2;2;4;2;3;2;3;2;4;2;4;2;3;3;4;4;4;4;2;2;2;2;3;4;5;3;4;5;3;4;4;4;3;5;3;5;3;3
20260003;4;2;5;2;3;1;5;1;3;2;3;1;3;2;5;1;5;2;5;1;4;3;5;2;3;5;3;2;3;3;1;3;3;4;5;3;4;1;2;3;2;3;4;1;4;2;3;3;4;1;2;3;3;4;3;3;3;3;4;3;2;4;3;3;4;3;2;4;3;2;3;3
20260004;4;2;4;3;4;1;5;2;2;2;3;1;2;1;3;2;4;2;4;3;4;4;3;1;4;4;4;3;2;2;2;2;1;4;4;4;3;2;3;4;3;4;5;2;4;1;2;3;4;4;3;3;1;4;4;4;2;3;5;3;1;4;3;1;2;4;2;3;1;4;3;2
20260005;3;2;4;3;5;1;4;4;3;2;4;3;4;3;4;2;2;2;4;2;4;3;4;2;2;4;2;3;2;3;4;3;4;4;4;3;4;2;4;3;4;2;3;3;4;3;4;1;4;2;5;5;3;2;1;1;5;5;3;4;2;4;3;5;4;3;3;4;4;5;3;5
20260006;4;2;5;3;4;2;5;1;5;1;4;1;3;1;5;1;4;3;3;3;4;1;4;1;4;4;3;4;4;4;3;2;1;3;1;1;4;4;2;4;2;3;4;2;4;2;4;3;4;4;3;3;4;3;3;3;3;3;4;4;3;4;4;4;4;4;4;4;4;4;4;4
20260007;5;1;4;2;5;1;5;2;5;1;5;3;4;1;5;1;5;3;4;1;5;4;5;1;4;2;4;5;5;4;5;2;2;1;1;1;4;2;4;2;4;2;4;2;5;2;4;1;5;3;5;5;5;1;2;1;4;5;5;5;4;5;4;4;5;5;5;5;3;5;5;5
20260008;3;3;4;3;3;1;5;3;3;3;4;3;3;2;4;1;4;3;3;2;4;2;3;1;4;2;4;4;4;4;3;1;1;1;1;1;3;2;3;2;1;4;4;2;5;3;3;4;4;5;4;4;1;4;3;2;4;4;4;4;5;5;4;5;4;4;4;3;3;5;4;4
20260009;4;2;4;1;3;3;5;3;4;1;5;1;5;2;5;2;5;1;5;1;5;3;3;1;4;2;3;4;4;4;4;2;2;2;2;2;4;2;3;1;4;1;5;1;5;1;5;4;4;4;5;4;1;1;2;1;4;4;4;4;4;5;4;5;5;4;4;5;5;5;4;4
20260010;5;3;5;2;2;1;5;1;4;1;3;1;3;5;3;4;1;5;4;4;4;4;3;2;2;1;4;3;2;5;1;3;4;3;3;4;1;4;2;3;3;5;4;4;4;2;3;3;5;4;4;4;2;3;1;1;3;4;4;4;3;5;4;4;4;4;3;3;2;4;4;4
20260011;4;2;5;2;5;1;4;4;4;1;4;1;4;1;5;1;5;1;5;2;5;2;5;1;2;2;5;2;2;3;4;3;4;4;4;4;4;1;4;1;4;4;5;1;4;2;5;4;5;2;3;3;3;3;3;3;3;3;4;4;2;4;4;4;4;5;2;4;1;4;5;3
20260012;5;1;5;1;5;1;5;1;5;2;3;1;5;1;5;1;5;2;5;1;4;3;5;1;5;2;4;5;5;5;4;5;1;2;3;1;5;1;5;4;5;1;5;1;5;4;4;2;5;2;5;5;4;1;1;1;3;4;5;5;3;5;5;5;5;5;4;5;2;5;5;5
20270001;5;2;5;5;4;3;4;4;5;2;4;4;3;1;5;1;4;2;5;2;4;2;5;2;5;2;5;4;4;4;4;2;2;2;2;2;4;2;4;3;4;2;4;2;5;1;4;1;5;3;5;5;3;1;1;1;3;5;5;5;5;5;4;5;4;5;5;5;4;4;4;4
20270002;4;2;5;1;3;5;5;1;5;1;3;1;3;3;5;1;3;2;4;3;4;3;3;1;4;3;3;4;3;3;4;2;3;3;4;2;3;2;3;3;2;3;4;4;5;4;4;3;4;4;4;4;4;3;2;2;3;4;4;3;3;4;4;4;4;3;3;4;3;5;3;3
20270003;4;2;4;4;3;3;2;3;3;2;2;3;3;2;4;2;4;3;4;4;3;2;4;4;4;3;4;3;4;3;4;3;2;3;2;3;4;2;3;2;4;2;4;2;4;3;4;3;4;2;4;4;2;3;3;2;4;4;3;3;3;4;4;4;3;3;3;4;3;4;4;3
20270004;5;2;5;3;5;3;5;4;5;1;2;1;3;1;5;3;5;3;4;4;5;3;4;1;4;2;4;4;5;2;4;2;1;1;1;1;4;1;3;1;3;2;5;3;4;3;5;3;5;3;4;4;3;3;2;2;3;4;5;3;5;4;4;4;5;5;4;5;3;5;5;3
20270005;5;2;5;2;4;2;5;2;5;2;2;1;3;2;5;2;4;2;5;2;5;2;5;1;5;2;5;4;5;5;5;2;1;1;2;1;5;1;4;1;4;2;4;2;5;2;5;2;5;2;4;4;3;4;3;2;2;4;5;5;4;4;4;3;5;5;5;5;4;5;4;5
20270006;5;1;4;5;4;4;4;2;4;1;4;4;3;2;4;1;5;1;4;4;4;2;4;2;5;3;4;4;4;4;4;4;4;3;3;2;4;4;3;5;4;3;2;2;4;3;3;4;4;3;5;5;3;2;2;2;4;3;5;4;4;4;4;4;4;4;4;4;3;4;4;4
20270007;5;4;3;2;5;4;3;2;5;2;2;1;2;1;5;1;4;2;5;2;3;2;4;2;5;2;4;4;3;2;4;2;4;4;2;2;4;2;4;4;4;2;3;4;4;2;4;4;5;5;3;2;4;4;4;4;2;2;4;4;4;3;2;2;4;4;3;3;2;4;3;3
20270008;5;3;5;1;5;3;3;1;5;1;3;3;3;1;5;1;3;1;4;3;4;1;5;3;5;1;5;5;5;5;5;1;1;1;1;1;4;1;3;1;4;1;4;1;5;2;3;2;3;2;5;5;3;1;1;2;5;3;5;5;5;5;5;5;5;5;5;5;5;5;5;5
20270009;4;3;4;2;4;3;3;2;4;2;3;2;3;2;5;2;3;2;4;3;4;1;4;2;4;2;4;4;4;4;3;2;2;2;2;2;4;2;3;1;4;2;4;1;4;2;5;2;4;2;3;3;3;3;3;3;4;3;4;4;3;4;4;3;5;4;3;4;3;5;4;4
20270010;5;2;3;1;5;3;5;3;5;1;3;1;4;1;5;3;5;1;5;1;5;1;5;1;5;1;4;5;5;5;5;1;1;1;1;1;4;1;4;2;4;2;3;1;5;1;4;1;3;3;3;3;3;3;3;3;3;3;5;5;4;4;5;3;5;5;4;5;3;5;5;5
20270011;5;3;5;2;5;3;5;1;5;1;4;2;4;1;5;1;4;2;4;2;4;2;5;1;4;2;4;4;4;4;3;1;2;2;2;2;4;3;4;2;4;1;3;2;4;3;3;2;4;3;4;4;2;3;3;3;3;3;5;4;3;4;4;4;4;5;4;3;3;5;4;4
;;;;;;;;;;;;;;;;;;;;;;;;;;;;;;;;;;;;;;;;;;;;;;;;;;;;;;;;;;;;;;;;;;;;;;;;
;D1_LID1;D9_SO4;D2_GE1;D9_SO2;D2_GE3;D8_AP4;D6_APD1;D5_INT2;D7_TC1;D4_EE2;D8_AP1;D3_COM2;D8_AP3;D2_GE4;D9_SO1;D2_GE2;D9_SO3;D1_LID2;D3_COM1;D8_AP2;D4_EE1;D7_TC2;D5_INT1;D6_APD2;P1_EJP1;P3_ASO4;P1_EJP3;P2_AAP1;P2_AAP3;P3_ASO1;P3_ASO3;P1_EJP2;P1_EJP4;P2_AAP2;P3_ASO2;P2_AAP4;A1_CF1;A7_ASR2;A2_INT1;A6_DIS2;A3_ESF1;A5_COP2;A4_COA1;A1_CF2;A5_COP1;A4_COA2;A6_DIS1;A2_INT2;A7_ASR1;A3_ESF2;F1_COP1;F2_RES1;F4_INT2;F3_CON2;F1_COP2;F2_RES2;F4_INT1;F3_CON1;CRD1;CRSS1;CRP1;CRA1;CRR1;CRF1;CRCC1;CRD2;CRP2;CRA2;CRF2;CRCC2;CRR2;CRSS2
;2;2;4;2;2;2;4;2;4;3;4;2;4;2;4;3;4;2;2;1;3;4;2;3;5;1;4;5;4;3;4;2;2;1;1;2;4;1;4;2;3;2;4;1;5;1;4;2;5;4;4;4;2;2;2;2;3;4;3;3;3;4;2;4;4;2;4;4;3;4;2;3
